CUSTOMERID,CUSTOMERNAME
2,"Lewis, Vazquez and Hobbs"
3,Turner Group
8,"Williams, Cook and Brown"
9,Nguyen PLC
13,"Gonzalez, Miller and Robinson"
19,"Hayes, Rowland and Brown"
21,"Davis, Compton and Hobbs"
26,Tapia PLC
27,Thompson Group
36,"Chapman, Hester and Bruce"
45,Hunter-Spencer
46,Scott-Johnson
50,Santiago Inc
56,Espinoza-Gonzales
58,Rodriguez-Gaines
62,Medina LLC
63,Horn Inc
70,"Ortiz, French and Pearson"
75,"Rhodes, Barrett and Haynes"
79,"Ray, Fernandez and Vargas"
84,Mendoza-Burns
86,Oconnell-Anderson
87,"Jones, Cook and Ward"
95,Sanchez-Meyer
98,Jones-Barnes
99,Taylor-Townsend
103,"Munoz, Clark and Sullivan"
105,Harris Ltd
109,Hebert-Johnson
111,"Brown, Pugh and Williams"
114,"Manning, Rodgers and Parker"
118,Rasmussen Group
119,Flores Inc
131,"Luna, Glass and Moses"
136,Moore-Hernandez
143,Carey and Sons
147,"Moore, Thomas and Savage"
149,James-Weiss
150,"Zamora, Smith and Howe"
156,Hamilton and Sons
157,"Jackson, Scott and Alvarado"
163,"Whitehead, Lee and Howard"
164,Martinez-Diaz
165,Orr Inc
177,"Hill, Perez and Parker"
179,Jones-Smith
183,Wright-Steele
191,"Hammond, Lee and Garcia"
195,"Hughes, Reynolds and Alexander"
198,Berger Inc
199,Griffin-Anderson
203,Evans Group
207,Valdez-Castro
208,Robertson-Alexander
210,Cummings PLC
211,Lester Inc
212,Mcgee PLC
218,Stewart-Le
219,"Roberts, Torres and Wright"
222,Meyers-Peters
224,Lee Inc
229,Baker-Young
231,Foster-Wiley
232,"Stone, Diaz and Taylor"
235,Lewis PLC
238,Bryan-Gordon
239,Jackson-Tran
240,Orozco Group
242,"Francis, Carlson and Bryant"
249,Reese LLC
253,Marquez-Ortiz
254,Mccoy-Bailey
256,Porter-Rodriguez
258,Hanson-Webster
259,Peterson and Sons
261,"Moran, Johnson and Wells"
263,"Johnson, Thomas and Burton"
267,"Pearson, Martinez and Roberson"
272,"Bennett, Lopez and Mack"
279,Nelson-Huffman
288,Pearson Group
293,Castillo LLC
295,Thompson-Johnson
299,Smith LLC
301,Gross Inc
309,Underwood Inc
315,Harper-Grant
317,Galloway-Gutierrez
320,Anderson Ltd
321,Pineda-Montgomery
333,Marks LLC
334,Richards and Sons
337,Cross Group
341,Brown Group
343,"Green, Soto and Esparza"
344,"Smith, Humphrey and Jones"
345,Herrera-Martinez
347,"Huerta, Guerra and Kim"
353,Mcdaniel Ltd
357,Sandoval Inc
358,Richard PLC
359,Hernandez-Johnson
362,"Saunders, Cabrera and Brooks"
364,Schwartz PLC
373,Jacobson-King
377,Palmer-Barnett
380,Welch Ltd
386,"Williams, Dominguez and Romero"
389,"Bailey, Smith and Gay"
392,Vazquez-Armstrong
395,Norton LLC
399,Flores-Johnson
400,Novak-Campbell
406,Campbell-Benton
409,"Neal, Garner and Davis"
417,Spence Ltd
418,Martinez-Lang
420,"Clay, Wang and Chandler"
426,Oneal-Davis
430,Ramos Group
431,Carpenter and Sons
432,Hansen Ltd
435,Merritt Inc
436,"Mckinney, Melton and Thomas"
437,Cline-Castro
439,"Johnson, Moreno and Diaz"
440,"Vaughn, Rollins and Mills"
443,Long and Sons
447,Butler-Flowers
452,Robinson-Marshall
454,"Floyd, Schneider and Mills"
460,"Grimes, Nash and Higgins"
476,"Gill, Wheeler and Shannon"
479,Hubbard Ltd
484,Griffin-King
486,"Gray, Downs and Vincent"
491,Madden-Kelly
493,"King, Porter and Haley"
494,"Moss, Travis and Williams"
497,Wells-Cook
499,"Hernandez, Hansen and Walker"
505,"Huff, Freeman and Lawson"
506,"Thompson, Garrett and Lin"
507,Wilkinson Ltd
511,Lucas-Parker
513,"Johnson, Sanchez and Martin"
514,Baker-Collins
515,Wagner Group
517,"Barnett, Leon and Jones"
519,Sanchez-Hughes
521,Diaz Ltd
526,"Munoz, Weaver and Riley"
530,"Robertson, Baker and Stewart"
532,"Palmer, Cook and Ortega"
534,Foster-Good
543,Dorsey Group
545,"Butler, Mcmahon and Little"
549,Walsh PLC
554,Tucker Inc
556,"Jackson, Pearson and Heath"
566,"Rice, Crawford and Diaz"
574,Phillips-Olson
580,Rogers LLC
584,Peters PLC
585,Morris-Fisher
591,"Pineda, Gonzalez and Burns"
602,"Hickman, Shaw and Brown"
604,"Larson, Fleming and Crawford"
606,Dorsey Inc
609,"Wheeler, Miller and Ramirez"
619,"Cruz, Alvarez and Schultz"
621,"Brooks, Rosales and Davis"
622,"Farmer, Green and Ferguson"
623,Bridges Inc
624,"Schneider, Kent and Austin"
634,Reed-Hopkins
637,Thomas-Ellis
649,Sweeney Group
650,"Saunders, Hunt and Oneill"
652,Roberts Inc
656,"Myers, Compton and Bentley"
658,Hatfield and Sons
664,Porter Inc
669,"Hernandez, Payne and Gonzalez"
671,Tucker-Scott
673,Martinez-Rivera
676,"Evans, Rodriguez and Harrison"
677,White Inc
681,Smith-Duffy
691,"Wilson, Romero and Rodriguez"
715,Anderson-Turner
716,Harris and Sons
720,Roberts Inc
728,"Villegas, Robertson and Campbell"
730,Chavez-Nunez
737,Reed Ltd
738,King LLC
739,Montgomery and Sons
742,Skinner-Ross
743,"Flores, Trujillo and Cohen"
746,Roberts-Thompson
749,Harmon-Middleton
760,"Bennett, Castaneda and Parks"
771,"Figueroa, Beck and Pennington"
778,Diaz Ltd
779,Hayes PLC
781,Stewart-Green
785,Lindsey and Sons
786,Reeves-Hall
788,Reilly Inc
809,Brown Group
816,Austin Group
817,Barber PLC
818,Bennett Ltd
820,"Ortiz, Hernandez and Wright"
822,Jennings-Garza
827,Wilson PLC
835,Ware Group
837,"Bailey, Baker and Hampton"
839,Mora-Thomas
841,Parker-Moran
845,Burgess-Martinez
846,"Roberts, Watts and Peterson"
851,Hale PLC
859,Baker LLC
860,Beard Group
864,Ball-Elliott
867,Garcia LLC
869,Cannon-Monroe
878,Green-Moody
892,"Bass, Morris and Delacruz"
894,Walker-Crawford
895,Hardin-Ross
898,"Murray, Morrison and Taylor"
901,Davidson-Warren
910,Hall-Medina
911,Barber Ltd
917,Fry LLC
924,"Howard, Smith and Wright"
926,Jones Group
931,"Orr, Carter and Benitez"
941,Gomez PLC
943,"Baker, Silva and Mitchell"
944,Watson Group
945,Singleton Group
947,"Forbes, Haney and Williamson"
950,Horn-Scott
955,"Mclaughlin, Perkins and Lucero"
957,Welch Ltd
960,Wood and Sons
961,Hall-Lee
962,Wilcox-Anderson
973,"Alexander, Young and Robles"
974,Rodriguez-Medina
977,Kelly-Stuart
978,Chapman Group
995,"Morgan, Bean and Ashley"
997,Hendricks and Sons
1000,"Mclean, Graham and Wood"
1008,Green Group
1012,Houston Inc
1023,"Gonzalez, Santos and Hill"
1027,"Matthews, Wood and Murphy"
1028,Gonzales-Owens
1033,Schmidt and Sons
1035,Cook-Duran
1037,Phillips Ltd
1045,Guzman Group
1058,"Bates, Bauer and Rodriguez"
1060,Jackson Group
1063,Mckenzie Ltd
1065,Trevino-Gilmore
1066,"White, Davis and Wells"
1067,Zavala Group
1068,Gordon-Delacruz
1075,Hubbard-Brown
1079,Brown-Clayton
1084,Hall LLC
1087,Flores PLC
1094,Gordon LLC
1097,Kaufman-Smith
1104,Meyers-Stewart
1105,Reynolds PLC
1109,Montoya-Mack
1115,"Wilson, Leonard and Sanders"
1116,Smith-Dean
1120,Colon-Robertson
1127,"Hall, Jones and Valdez"
1129,Jones-Ball
1132,"Pugh, Raymond and Castaneda"
1134,"Hernandez, Romero and Rosales"
1135,Flores-Herrera
1137,Robinson-Lawrence
1139,"Tapia, Benson and Kerr"
1145,"Bullock, Navarro and Brown"
1148,Cook LLC
1150,"Martin, Hunter and Li"
1159,"Murphy, Ford and Lee"
1161,"Shields, Richardson and Ramsey"
1162,Brady Ltd
1163,Elliott Ltd
1165,"Fisher, Harper and Scott"
1167,Molina-Lopez
1171,Taylor-Bird
1173,Smith Ltd
1177,Campbell-Smith
1178,"Wilson, Kaufman and Kramer"
1185,Rodriguez Ltd
1188,"Kelly, Hendrix and Stanley"
1193,Oconnell Group
1195,"Bradley, Prince and Hampton"
1197,Jones Group
1200,Oneal Group
1201,Lowe PLC
1202,"Robinson, Cross and Walsh"
1203,"Cortez, Martinez and Clark"
1204,Evans Group
1207,Perez-Wyatt
1208,"Martin, Anderson and Wagner"
1209,Ware-Joyce
1211,Williams-Ross
1212,Dunn-Hawkins
1213,"Anderson, Johnson and Thompson"
1214,Wheeler PLC
1216,Booker-Blevins
1217,"Wright, Davidson and Valentine"
1244,Salas PLC
1249,Wilson-Kelly
1251,"Valenzuela, Carpenter and Berry"
1253,Price LLC
1255,"Garcia, Conway and Evans"
1256,Murphy-Aguirre
1259,Jones-Noble
1262,"Hodges, Jimenez and Webb"
1263,Johnston-Anderson
1271,Rivera-Alexander
1274,Hernandez-Diaz
1276,Hamilton-Ellis
1277,"Boyer, Robinson and Romero"
1278,Morris-Cunningham
1280,Williams Ltd
1285,Garcia PLC
1286,Spears-Ellis
1288,Webb-Weaver
1291,"Santiago, Davis and Kelly"
1293,"Smith, Joseph and Miller"
1304,"Parker, Morales and Martinez"
1306,"Wood, Rogers and Alexander"
1307,"Dunn, Grant and Weiss"
1316,Ramsey LLC
1332,Hawkins Inc
1334,Moore-Torres
1340,"Davis, Briggs and Duffy"
1352,Ward-Arellano
1359,Williams Group
1361,Bailey-Thomas
1363,"Holmes, Wright and Davis"
1364,Allison-Morris
1370,"Brown, Taylor and Sanchez"
1373,"Guzman, Douglas and Peterson"
1375,Flores Group
1382,Nguyen LLC
1383,Martinez-Bond
1385,"Thompson, Petty and Howard"
1388,"Estrada, Mayer and Pham"
1390,Carson Inc
1392,Guzman LLC
1399,Brown-Juarez
1401,Mcknight-Lynch
1402,Salas-White
1405,Maldonado Inc
1411,"Flores, Knapp and Henson"
1412,Schwartz-Jones
1413,"Miller, Chen and Cain"
1415,Higgins Inc
1417,"Patton, Bradshaw and Smith"
1423,"Duncan, Walters and Harper"
1429,Brown Inc
1431,Hernandez-Cooley
1432,Bennett Ltd
1433,"King, Smith and Weber"
1434,Pacheco Ltd
1439,Hart-Johnson
1440,Becker LLC
1443,Blake-Ramirez
1448,Jones-Stout
1456,"Fry, Wheeler and Dudley"
1467,Copeland Inc
1471,"Marks, Harmon and Kennedy"
1475,Anderson LLC
1478,Wilson-Daniel
1479,"Donovan, Gonzalez and Stewart"
1481,Key-Hamilton
1485,Rivera and Sons
1487,Fry and Sons
1489,Kirby-Harrison
